{"assets/fruits/avocado.jpeg":["assets/fruits/avocado.jpeg"],"assets/fruits/avocado2.jpeg":["assets/fruits/avocado2.jpeg"],"assets/fruits/banana.jpeg":["assets/fruits/banana.jpeg"],"assets/fruits/banana2.jpeg":["assets/fruits/banana2.jpeg"],"assets/fruits/mango.jpeg":["assets/fruits/mango.jpeg"],"assets/fruits/mango2.jpeg":["assets/fruits/mango2.jpeg"],"packages/widgetbook/assets/fonts/Poppins/Poppins-Black.ttf":["packages/widgetbook/assets/fonts/Poppins/Poppins-Black.ttf"],"packages/widgetbook/assets/fonts/Poppins/Poppins-BlackItalic.ttf":["packages/widgetbook/assets/fonts/Poppins/Poppins-BlackItalic.ttf"],"packages/widgetbook/assets/fonts/Poppins/Poppins-Bold.ttf":["packages/widgetbook/assets/fonts/Poppins/Poppins-Bold.ttf"],"packages/widgetbook/assets/fonts/Poppins/Poppins-BoldItalic.ttf":["packages/widgetbook/assets/fonts/Poppins/Poppins-BoldItalic.ttf"],"packages/widgetbook/assets/fonts/Poppins/Poppins-ExtraBold.ttf":["packages/widgetbook/assets/fonts/Poppins/Poppins-ExtraBold.ttf"],"packages/widgetbook/assets/fonts/Poppins/Poppins-ExtraBoldItalic.ttf":["packages/widgetbook/assets/fonts/Poppins/Poppins-ExtraBoldItalic.ttf"],"packages/widgetbook/assets/fonts/Poppins/Poppins-ExtraLight.ttf":["packages/widgetbook/assets/fonts/Poppins/Poppins-ExtraLight.ttf"],"packages/widgetbook/assets/fonts/Poppins/Poppins-ExtraLightItalic.ttf":["packages/widgetbook/assets/fonts/Poppins/Poppins-ExtraLightItalic.ttf"],"packages/widgetbook/assets/fonts/Poppins/Poppins-Italic.ttf":["packages/widgetbook/assets/fonts/Poppins/Poppins-Italic.ttf"],"packages/widgetbook/assets/fonts/Poppins/Poppins-Light.ttf":["packages/widgetbook/assets/fonts/Poppins/Poppins-Light.ttf"],"packages/widgetbook/assets/fonts/Poppins/Poppins-LightItalic.ttf":["packages/widgetbook/assets/fonts/Poppins/Poppins-LightItalic.ttf"],"packages/widgetbook/assets/fonts/Poppins/Poppins-Medium.ttf":["packages/widgetbook/assets/fonts/Poppins/Poppins-Medium.ttf"],"packages/widgetbook/assets/fonts/Poppins/Poppins-MediumItalic.ttf":["packages/widgetbook/assets/fonts/Poppins/Poppins-MediumItalic.ttf"],"packages/widgetbook/assets/fonts/Poppins/Poppins-Regular.ttf":["packages/widgetbook/assets/fonts/Poppins/Poppins-Regular.ttf"],"packages/widgetbook/assets/fonts/Poppins/Poppins-SemiBold.ttf":["packages/widgetbook/assets/fonts/Poppins/Poppins-SemiBold.ttf"],"packages/widgetbook/assets/fonts/Poppins/Poppins-SemiBoldItalic.ttf":["packages/widgetbook/assets/fonts/Poppins/Poppins-SemiBoldItalic.ttf"],"packages/widgetbook/assets/fonts/Poppins/Poppins-Thin.ttf":["packages/widgetbook/assets/fonts/Poppins/Poppins-Thin.ttf"],"packages/widgetbook/assets/fonts/Poppins/Poppins-ThinItalic.ttf":["packages/widgetbook/assets/fonts/Poppins/Poppins-ThinItalic.ttf"]}